alpha_deg,cl_ref,cd_ref
-8,-0.7276,0.02595
-6,-0.5269,0.01952
-4,-0.3262,0.01495
-2,-0.1254,0.01221
0,0.0753,0.0113
2,0.276,0.01221
4,0.4767,0.01495
6,0.6774,0.01952
8,0.8781,0.02595
10,0.95,0.04339
12,0.95,0.14788
