alpha_deg,cl_ref,cd_ref
-4.01,-0.4466,0.00843
-2.12,-0.2425,0.00789
-0.01,-0.012,0.00811
0.01,-0.0122,0.00804
2.15,0.2236,0.00823
4.11,0.4397,0.00879
6.01,0.6487,0.00842
8.08,0.8701,0.00995
10.1,1.0775,0.01175
11.23,1.1849,0.01248
12.13,1.272,0.01282
13.26,1.3699,0.01408
14.3,1.4571,0.01628
15.27,1.528,0.0179
16.16,1.5838,0.02093
